"ISO","year","armed_conflict"
"AFG",2000,1
"AFG",2001,1
"AFG",2002,1
"AFG",2003,1
"AFG",2004,1
"AFG",2005,1
"AFG",2006,1
"AFG",2007,1
"AFG",2008,1
"AFG",2009,1
"AFG",2010,1
"AFG",2011,1
"AFG",2012,1
"AFG",2013,1
"AFG",2014,1
"AFG",2015,1
"AFG",2016,1
"AFG",2017,1
"AFG",2018,1
"AFG",2019,1
"AGO",2000,1
"AGO",2001,1
"AGO",2002,1
"AGO",2003,1
"AGO",2004,1
"AGO",2005,1
"AGO",2006,0
"AGO",2007,0
"AGO",2008,1
"AGO",2009,0
"AGO",2010,1
"AGO",2011,0
"AGO",2012,0
"AGO",2013,NA
"AGO",2014,0
"AGO",2015,0
"AGO",2016,0
"AGO",2017,1
"AGO",2018,1
"AGO",2019,0
"ALB",2000,0
"ALB",2001,NA
"ALB",2002,NA
"ALB",2003,NA
"ALB",2004,NA
"ALB",2005,NA
"ALB",2006,NA
"ALB",2007,NA
"ALB",2008,NA
"ALB",2009,NA
"ALB",2010,NA
"ALB",2011,NA
"ALB",2012,NA
"ALB",2013,NA
"ALB",2014,NA
"ALB",2015,NA
"ALB",2016,NA
"ALB",2017,NA
"ALB",2018,NA
"ALB",2019,NA
"AND",2000,NA
"AND",2001,NA
"AND",2002,NA
"AND",2003,NA
"AND",2004,NA
"AND",2005,NA
"AND",2006,NA
"AND",2007,NA
"AND",2008,NA
"AND",2009,NA
"AND",2010,NA
"AND",2011,NA
"AND",2012,NA
"AND",2013,NA
"AND",2014,NA
"AND",2015,NA
"AND",2016,NA
"AND",2017,NA
"AND",2018,NA
"AND",2019,NA
"ARE",2000,NA
"ARE",2001,NA
"ARE",2002,NA
"ARE",2003,NA
"ARE",2004,NA
"ARE",2005,NA
"ARE",2006,NA
"ARE",2007,NA
"ARE",2008,NA
"ARE",2009,NA
"ARE",2010,NA
"ARE",2011,0
"ARE",2012,NA
"ARE",2013,NA
"ARE",2014,NA
"ARE",2015,NA
"ARE",2016,NA
"ARE",2017,NA
"ARE",2018,NA
"ARE",2019,NA
"ARG",2000,NA
"ARG",2001,NA
"ARG",2002,NA
"ARG",2003,NA
"ARG",2004,NA
"ARG",2005,NA
"ARG",2006,NA
"ARG",2007,NA
"ARG",2008,NA
"ARG",2009,NA
"ARG",2010,NA
"ARG",2011,NA
"ARG",2012,NA
"ARG",2013,NA
"ARG",2014,NA
"ARG",2015,NA
"ARG",2016,NA
"ARG",2017,NA
"ARG",2018,NA
"ARG",2019,NA
"ARM",2000,NA
"ARM",2001,NA
"ARM",2002,NA
"ARM",2003,NA
"ARM",2004,NA
"ARM",2005,NA
"ARM",2006,0
"ARM",2007,0
"ARM",2008,NA
"ARM",2009,NA
"ARM",2010,NA
"ARM",2011,NA
"ARM",2012,NA
"ARM",2013,0
"ARM",2014,0
"ARM",2015,NA
"ARM",2016,0
"ARM",2017,0
"ARM",2018,NA
"ARM",2019,0
"ATG",2000,NA
"ATG",2001,NA
"ATG",2002,NA
"ATG",2003,NA
"ATG",2004,NA
"ATG",2005,NA
"ATG",2006,NA
"ATG",2007,NA
"ATG",2008,NA
"ATG",2009,NA
"ATG",2010,NA
"ATG",2011,NA
"ATG",2012,NA
"ATG",2013,NA
"ATG",2014,NA
"ATG",2015,NA
"ATG",2016,NA
"ATG",2017,NA
"ATG",2018,NA
"ATG",2019,NA
"AUS",2000,NA
"AUS",2001,NA
"AUS",2002,NA
"AUS",2003,NA
"AUS",2004,NA
"AUS",2005,NA
"AUS",2006,NA
"AUS",2007,NA
"AUS",2008,NA
"AUS",2009,NA
"AUS",2010,NA
"AUS",2011,NA
"AUS",2012,NA
"AUS",2013,NA
"AUS",2014,NA
"AUS",2015,NA
"AUS",2016,NA
"AUS",2017,NA
"AUS",2018,NA
"AUS",2019,0
"AUT",2000,NA
"AUT",2001,NA
"AUT",2002,NA
"AUT",2003,NA
"AUT",2004,NA
"AUT",2005,NA
"AUT",2006,NA
"AUT",2007,NA
"AUT",2008,NA
"AUT",2009,NA
"AUT",2010,NA
"AUT",2011,NA
"AUT",2012,NA
"AUT",2013,NA
"AUT",2014,NA
"AUT",2015,NA
"AUT",2016,NA
"AUT",2017,NA
"AUT",2018,NA
"AUT",2019,NA
"AZE",2000,0
"AZE",2001,0
"AZE",2002,0
"AZE",2003,NA
"AZE",2004,NA
"AZE",2005,0
"AZE",2006,0
"AZE",2007,0
"AZE",2008,0
"AZE",2009,1
"AZE",2010,0
"AZE",2011,0
"AZE",2012,0
"AZE",2013,0
"AZE",2014,0
"AZE",2015,1
"AZE",2016,1
"AZE",2017,1
"AZE",2018,1
"AZE",2019,0
"BDI",2000,1
"BDI",2001,1
"BDI",2002,1
"BDI",2003,1
"BDI",2004,1
"BDI",2005,1
"BDI",2006,1
"BDI",2007,1
"BDI",2008,1
"BDI",2009,1
"BDI",2010,NA
"BDI",2011,NA
"BDI",2012,0
"BDI",2013,0
"BDI",2014,0
"BDI",2015,1
"BDI",2016,1
"BDI",2017,1
"BDI",2018,1
"BDI",2019,1
"BEL",2000,NA
"BEL",2001,NA
"BEL",2002,NA
"BEL",2003,NA
"BEL",2004,NA
"BEL",2005,NA
"BEL",2006,NA
"BEL",2007,NA
"BEL",2008,NA
"BEL",2009,NA
"BEL",2010,NA
"BEL",2011,NA
"BEL",2012,NA
"BEL",2013,NA
"BEL",2014,NA
"BEL",2015,NA
"BEL",2016,NA
"BEL",2017,1
"BEL",2018,NA
"BEL",2019,0
"BEN",2000,NA
"BEN",2001,NA
"BEN",2002,NA
"BEN",2003,NA
"BEN",2004,NA
"BEN",2005,NA
"BEN",2006,NA
"BEN",2007,NA
"BEN",2008,NA
"BEN",2009,NA
"BEN",2010,NA
"BEN",2011,NA
"BEN",2012,NA
"BEN",2013,NA
"BEN",2014,NA
"BEN",2015,NA
"BEN",2016,NA
"BEN",2017,NA
"BEN",2018,NA
"BEN",2019,NA
"BFA",2000,NA
"BFA",2001,NA
"BFA",2002,NA
"BFA",2003,NA
"BFA",2004,NA
"BFA",2005,NA
"BFA",2006,NA
"BFA",2007,NA
"BFA",2008,NA
"BFA",2009,NA
"BFA",2010,NA
"BFA",2011,NA
"BFA",2012,NA
"BFA",2013,NA
"BFA",2014,NA
"BFA",2015,NA
"BFA",2016,NA
"BFA",2017,1
"BFA",2018,1
"BFA",2019,1
"BGD",2000,0
"BGD",2001,1
"BGD",2002,1
"BGD",2003,0
"BGD",2004,0
"BGD",2005,1
"BGD",2006,1
"BGD",2007,1
"BGD",2008,0
"BGD",2009,0
"BGD",2010,0
"BGD",2011,0
"BGD",2012,0
"BGD",2013,0
"BGD",2014,1
"BGD",2015,0
"BGD",2016,0
"BGD",2017,1
"BGD",2018,1
"BGD",2019,1
"BGR",2000,NA
"BGR",2001,NA
"BGR",2002,NA
"BGR",2003,NA
"BGR",2004,NA
"BGR",2005,NA
"BGR",2006,NA
"BGR",2007,NA
"BGR",2008,NA
"BGR",2009,NA
"BGR",2010,NA
"BGR",2011,NA
"BGR",2012,NA
"BGR",2013,NA
"BGR",2014,NA
"BGR",2015,NA
"BGR",2016,NA
"BGR",2017,NA
"BGR",2018,NA
"BGR",2019,NA
"BHR",2000,NA
"BHR",2001,NA
"BHR",2002,NA
"BHR",2003,NA
"BHR",2004,NA
"BHR",2005,NA
"BHR",2006,NA
"BHR",2007,NA
"BHR",2008,NA
"BHR",2009,NA
"BHR",2010,NA
"BHR",2011,NA
"BHR",2012,1
"BHR",2013,NA
"BHR",2014,NA
"BHR",2015,NA
"BHR",2016,NA
"BHR",2017,NA
"BHR",2018,NA
"BHR",2019,NA
"BHS",2000,NA
"BHS",2001,NA
"BHS",2002,NA
"BHS",2003,NA
"BHS",2004,NA
"BHS",2005,NA
"BHS",2006,NA
"BHS",2007,NA
"BHS",2008,NA
"BHS",2009,NA
"BHS",2010,NA
"BHS",2011,NA
"BHS",2012,NA
"BHS",2013,NA
"BHS",2014,NA
"BHS",2015,NA
"BHS",2016,NA
"BHS",2017,NA
"BHS",2018,NA
"BHS",2019,NA
"BIH",2000,NA
"BIH",2001,NA
"BIH",2002,NA
"BIH",2003,NA
"BIH",2004,NA
"BIH",2005,NA
"BIH",2006,NA
"BIH",2007,NA
"BIH",2008,NA
"BIH",2009,NA
"BIH",2010,NA
"BIH",2011,NA
"BIH",2012,NA
"BIH",2013,NA
"BIH",2014,NA
"BIH",2015,NA
"BIH",2016,NA
"BIH",2017,NA
"BIH",2018,NA
"BIH",2019,NA
"BLR",2000,NA
"BLR",2001,NA
"BLR",2002,NA
"BLR",2003,NA
"BLR",2004,NA
"BLR",2005,NA
"BLR",2006,NA
"BLR",2007,NA
"BLR",2008,NA
"BLR",2009,NA
"BLR",2010,NA
"BLR",2011,NA
"BLR",2012,NA
"BLR",2013,NA
"BLR",2014,NA
"BLR",2015,NA
"BLR",2016,NA
"BLR",2017,NA
"BLR",2018,NA
"BLR",2019,NA
"BLZ",2000,NA
"BLZ",2001,NA
"BLZ",2002,NA
"BLZ",2003,NA
"BLZ",2004,NA
"BLZ",2005,NA
"BLZ",2006,NA
"BLZ",2007,NA
"BLZ",2008,NA
"BLZ",2009,NA
"BLZ",2010,NA
"BLZ",2011,NA
"BLZ",2012,NA
"BLZ",2013,NA
"BLZ",2014,NA
"BLZ",2015,NA
"BLZ",2016,NA
"BLZ",2017,NA
"BLZ",2018,NA
"BLZ",2019,NA
"BOL",2000,NA
"BOL",2001,1
"BOL",2002,NA
"BOL",2003,NA
"BOL",2004,NA
"BOL",2005,NA
"BOL",2006,NA
"BOL",2007,NA
"BOL",2008,NA
"BOL",2009,NA
"BOL",2010,NA
"BOL",2011,NA
"BOL",2012,NA
"BOL",2013,NA
"BOL",2014,NA
"BOL",2015,NA
"BOL",2016,NA
"BOL",2017,NA
"BOL",2018,NA
"BOL",2019,NA
"BRA",2000,1
"BRA",2001,1
"BRA",2002,1
"BRA",2003,1
"BRA",2004,1
"BRA",2005,1
"BRA",2006,1
"BRA",2007,0
"BRA",2008,1
"BRA",2009,0
"BRA",2010,1
"BRA",2011,0
"BRA",2012,1
"BRA",2013,1
"BRA",2014,0
"BRA",2015,0
"BRA",2016,0
"BRA",2017,1
"BRA",2018,1
"BRA",2019,1
"BRB",2000,NA
"BRB",2001,NA
"BRB",2002,NA
"BRB",2003,NA
"BRB",2004,NA
"BRB",2005,NA
"BRB",2006,NA
"BRB",2007,NA
"BRB",2008,NA
"BRB",2009,NA
"BRB",2010,NA
"BRB",2011,NA
"BRB",2012,NA
"BRB",2013,NA
"BRB",2014,NA
"BRB",2015,NA
"BRB",2016,NA
"BRB",2017,NA
"BRB",2018,NA
"BRB",2019,NA
"BRN",2000,NA
"BRN",2001,NA
"BRN",2002,NA
"BRN",2003,NA
"BRN",2004,NA
"BRN",2005,NA
"BRN",2006,NA
"BRN",2007,NA
"BRN",2008,NA
"BRN",2009,NA
"BRN",2010,NA
"BRN",2011,NA
"BRN",2012,NA
"BRN",2013,NA
"BRN",2014,NA
"BRN",2015,NA
"BRN",2016,NA
"BRN",2017,NA
"BRN",2018,NA
"BRN",2019,NA
"BTN",2000,NA
"BTN",2001,NA
"BTN",2002,NA
"BTN",2003,NA
"BTN",2004,NA
"BTN",2005,0
"BTN",2006,NA
"BTN",2007,NA
"BTN",2008,NA
"BTN",2009,NA
"BTN",2010,NA
"BTN",2011,NA
"BTN",2012,NA
"BTN",2013,NA
"BTN",2014,NA
"BTN",2015,NA
"BTN",2016,NA
"BTN",2017,NA
"BTN",2018,NA
"BTN",2019,NA
"BWA",2000,NA
"BWA",2001,NA
"BWA",2002,NA
"BWA",2003,NA
"BWA",2004,NA
"BWA",2005,NA
"BWA",2006,NA
"BWA",2007,NA
"BWA",2008,NA
"BWA",2009,NA
"BWA",2010,NA
"BWA",2011,NA
"BWA",2012,NA
"BWA",2013,NA
"BWA",2014,NA
"BWA",2015,NA
"BWA",2016,NA
"BWA",2017,NA
"BWA",2018,NA
"BWA",2019,NA
"CAF",2000,0
"CAF",2001,0
"CAF",2002,1
"CAF",2003,1
"CAF",2004,0
"CAF",2005,0
"CAF",2006,0
"CAF",2007,1
"CAF",2008,1
"CAF",2009,0
"CAF",2010,1
"CAF",2011,1
"CAF",2012,1
"CAF",2013,1
"CAF",2014,1
"CAF",2015,1
"CAF",2016,1
"CAF",2017,1
"CAF",2018,1
"CAF",2019,1
"CAN",2000,0
"CAN",2001,0
"CAN",2002,0
"CAN",2003,NA
"CAN",2004,NA
"CAN",2005,NA
"CAN",2006,NA
"CAN",2007,NA
"CAN",2008,NA
"CAN",2009,NA
"CAN",2010,NA
"CAN",2011,NA
"CAN",2012,NA
"CAN",2013,NA
"CAN",2014,NA
"CAN",2015,NA
"CAN",2016,NA
"CAN",2017,NA
"CAN",2018,NA
"CAN",2019,NA
"CHE",2000,NA
"CHE",2001,NA
"CHE",2002,NA
"CHE",2003,NA
"CHE",2004,NA
"CHE",2005,NA
"CHE",2006,NA
"CHE",2007,NA
"CHE",2008,NA
"CHE",2009,NA
"CHE",2010,NA
"CHE",2011,NA
"CHE",2012,NA
"CHE",2013,NA
"CHE",2014,NA
"CHE",2015,NA
"CHE",2016,NA
"CHE",2017,NA
"CHE",2018,NA
"CHE",2019,NA
"CHL",2000,NA
"CHL",2001,NA
"CHL",2002,NA
"CHL",2003,NA
"CHL",2004,NA
"CHL",2005,NA
"CHL",2006,NA
"CHL",2007,NA
"CHL",2008,NA
"CHL",2009,NA
"CHL",2010,NA
"CHL",2011,NA
"CHL",2012,NA
"CHL",2013,NA
"CHL",2014,NA
"CHL",2015,NA
"CHL",2016,NA
"CHL",2017,NA
"CHL",2018,NA
"CHL",2019,NA
"CHN",2000,0
"CHN",2001,NA
"CHN",2002,NA
"CHN",2003,NA
"CHN",2004,NA
"CHN",2005,NA
"CHN",2006,0
"CHN",2007,NA
"CHN",2008,0
"CHN",2009,1
"CHN",2010,1
"CHN",2011,NA
"CHN",2012,NA
"CHN",2013,NA
"CHN",2014,NA
"CHN",2015,NA
"CHN",2016,0
"CHN",2017,NA
"CHN",2018,0
"CHN",2019,NA
"CIV",2000,0
"CIV",2001,1
"CIV",2002,0
"CIV",2003,1
"CIV",2004,1
"CIV",2005,1
"CIV",2006,1
"CIV",2007,0
"CIV",2008,0
"CIV",2009,0
"CIV",2010,0
"CIV",2011,1
"CIV",2012,1
"CIV",2013,0
"CIV",2014,0
"CIV",2015,NA
"CIV",2016,NA
"CIV",2017,1
"CIV",2018,NA
"CIV",2019,NA
"CMR",2000,NA
"CMR",2001,0
"CMR",2002,0
"CMR",2003,NA
"CMR",2004,NA
"CMR",2005,0
"CMR",2006,0
"CMR",2007,NA
"CMR",2008,NA
"CMR",2009,0
"CMR",2010,0
"CMR",2011,NA
"CMR",2012,NA
"CMR",2013,NA
"CMR",2014,0
"CMR",2015,1
"CMR",2016,1
"CMR",2017,1
"CMR",2018,1
"CMR",2019,1
"COD",2000,1
"COD",2001,1
"COD",2002,1
"COD",2003,1
"COD",2004,1
"COD",2005,1
"COD",2006,1
"COD",2007,1
"COD",2008,1
"COD",2009,1
"COD",2010,1
"COD",2011,1
"COD",2012,1
"COD",2013,1
"COD",2014,1
"COD",2015,1
"COD",2016,1
"COD",2017,1
"COD",2018,1
"COD",2019,1
"COG",2000,1
"COG",2001,NA
"COG",2002,0
"COG",2003,1
"COG",2004,1
"COG",2005,NA
"COG",2006,0
"COG",2007,NA
"COG",2008,0
"COG",2009,0
"COG",2010,NA
"COG",2011,NA
"COG",2012,0
"COG",2013,0
"COG",2014,NA
"COG",2015,NA
"COG",2016,0
"COG",2017,1
"COG",2018,0
"COG",2019,NA
"COL",2000,1
"COL",2001,1
"COL",2002,1
"COL",2003,1
"COL",2004,1
"COL",2005,1
"COL",2006,1
"COL",2007,1
"COL",2008,1
"COL",2009,1
"COL",2010,1
"COL",2011,1
"COL",2012,1
"COL",2013,1
"COL",2014,1
"COL",2015,1
"COL",2016,1
"COL",2017,1
"COL",2018,1
"COL",2019,1
"COM",2000,NA
"COM",2001,NA
"COM",2002,NA
"COM",2003,NA
"COM",2004,NA
"COM",2005,NA
"COM",2006,NA
"COM",2007,NA
"COM",2008,NA
"COM",2009,NA
"COM",2010,NA
"COM",2011,NA
"COM",2012,NA
"COM",2013,NA
"COM",2014,NA
"COM",2015,NA
"COM",2016,NA
"COM",2017,NA
"COM",2018,NA
"COM",2019,NA
"CPV",2000,NA
"CPV",2001,NA
"CPV",2002,NA
"CPV",2003,NA
"CPV",2004,NA
"CPV",2005,NA
"CPV",2006,NA
"CPV",2007,NA
"CPV",2008,NA
"CPV",2009,NA
"CPV",2010,NA
"CPV",2011,NA
"CPV",2012,NA
"CPV",2013,NA
"CPV",2014,NA
"CPV",2015,NA
"CPV",2016,NA
"CPV",2017,NA
"CPV",2018,NA
"CPV",2019,NA
"CRI",2000,NA
"CRI",2001,NA
"CRI",2002,NA
"CRI",2003,NA
"CRI",2004,NA
"CRI",2005,NA
"CRI",2006,NA
"CRI",2007,NA
"CRI",2008,NA
"CRI",2009,NA
"CRI",2010,NA
"CRI",2011,NA
"CRI",2012,NA
"CRI",2013,NA
"CRI",2014,NA
"CRI",2015,NA
"CRI",2016,NA
"CRI",2017,NA
"CRI",2018,NA
"CRI",2019,NA
"CUB",2000,NA
"CUB",2001,NA
"CUB",2002,NA
"CUB",2003,NA
"CUB",2004,NA
"CUB",2005,NA
"CUB",2006,NA
"CUB",2007,NA
"CUB",2008,NA
"CUB",2009,NA
"CUB",2010,NA
"CUB",2011,NA
"CUB",2012,NA
"CUB",2013,NA
"CUB",2014,NA
"CUB",2015,NA
"CUB",2016,NA
"CUB",2017,NA
"CUB",2018,NA
"CUB",2019,NA
"CYP",2000,NA
"CYP",2001,NA
"CYP",2002,NA
"CYP",2003,NA
"CYP",2004,NA
"CYP",2005,NA
"CYP",2006,NA
"CYP",2007,NA
"CYP",2008,NA
"CYP",2009,NA
"CYP",2010,NA
"CYP",2011,NA
"CYP",2012,NA
"CYP",2013,NA
"CYP",2014,NA
"CYP",2015,NA
"CYP",2016,NA
"CYP",2017,NA
"CYP",2018,NA
"CYP",2019,NA
"CZE",2000,NA
"CZE",2001,NA
"CZE",2002,NA
"CZE",2003,NA
"CZE",2004,NA
"CZE",2005,NA
"CZE",2006,NA
"CZE",2007,NA
"CZE",2008,NA
"CZE",2009,NA
"CZE",2010,NA
"CZE",2011,NA
"CZE",2012,NA
"CZE",2013,NA
"CZE",2014,NA
"CZE",2015,NA
"CZE",2016,NA
"CZE",2017,NA
"CZE",2018,NA
"CZE",2019,NA
"DEU",2000,NA
"DEU",2001,NA
"DEU",2002,NA
"DEU",2003,NA
"DEU",2004,NA
"DEU",2005,NA
"DEU",2006,NA
"DEU",2007,NA
"DEU",2008,NA
"DEU",2009,NA
"DEU",2010,NA
"DEU",2011,NA
"DEU",2012,NA
"DEU",2013,NA
"DEU",2014,NA
"DEU",2015,NA
"DEU",2016,NA
"DEU",2017,0
"DEU",2018,NA
"DEU",2019,NA
"DJI",2000,1
"DJI",2001,NA
"DJI",2002,NA
"DJI",2003,NA
"DJI",2004,NA
"DJI",2005,NA
"DJI",2006,NA
"DJI",2007,NA
"DJI",2008,NA
"DJI",2009,1
"DJI",2010,NA
"DJI",2011,NA
"DJI",2012,NA
"DJI",2013,NA
"DJI",2014,NA
"DJI",2015,0
"DJI",2016,NA
"DJI",2017,NA
"DJI",2018,NA
"DJI",2019,0
"DMA",2000,NA
"DMA",2001,NA
"DMA",2002,NA
"DMA",2003,NA
"DMA",2004,NA
"DMA",2005,NA
"DMA",2006,NA
"DMA",2007,NA
"DMA",2008,NA
"DMA",2009,NA
"DMA",2010,NA
"DMA",2011,NA
"DMA",2012,NA
"DMA",2013,NA
"DMA",2014,NA
"DMA",2015,NA
"DMA",2016,NA
"DMA",2017,NA
"DMA",2018,NA
"DMA",2019,NA
"DNK",2000,NA
"DNK",2001,NA
"DNK",2002,NA
"DNK",2003,NA
"DNK",2004,NA
"DNK",2005,NA
"DNK",2006,NA
"DNK",2007,NA
"DNK",2008,NA
"DNK",2009,NA
"DNK",2010,NA
"DNK",2011,NA
"DNK",2012,NA
"DNK",2013,NA
"DNK",2014,NA
"DNK",2015,NA
"DNK",2016,NA
"DNK",2017,NA
"DNK",2018,NA
"DNK",2019,NA
"DOM",2000,NA
"DOM",2001,NA
"DOM",2002,NA
"DOM",2003,NA
"DOM",2004,NA
"DOM",2005,NA
"DOM",2006,NA
"DOM",2007,NA
"DOM",2008,NA
"DOM",2009,NA
"DOM",2010,NA
"DOM",2011,NA
"DOM",2012,NA
"DOM",2013,NA
"DOM",2014,NA
"DOM",2015,NA
"DOM",2016,NA
"DOM",2017,NA
"DOM",2018,NA
"DOM",2019,NA
"DZA",2000,1
"DZA",2001,1
"DZA",2002,1
"DZA",2003,1
"DZA",2004,1
"DZA",2005,1
"DZA",2006,1
"DZA",2007,1
"DZA",2008,1
"DZA",2009,1
"DZA",2010,1
"DZA",2011,1
"DZA",2012,1
"DZA",2013,1
"DZA",2014,1
"DZA",2015,1
"DZA",2016,1
"DZA",2017,1
"DZA",2018,1
"DZA",2019,1
"ECU",2000,NA
"ECU",2001,NA
"ECU",2002,0
"ECU",2003,NA
"ECU",2004,1
"ECU",2005,NA
"ECU",2006,NA
"ECU",2007,NA
"ECU",2008,NA
"ECU",2009,1
"ECU",2010,NA
"ECU",2011,NA
"ECU",2012,NA
"ECU",2013,NA
"ECU",2014,NA
"ECU",2015,NA
"ECU",2016,NA
"ECU",2017,NA
"ECU",2018,NA
"ECU",2019,NA
"EGY",2000,0
"EGY",2001,0
"EGY",2002,NA
"EGY",2003,NA
"EGY",2004,NA
"EGY",2005,1
"EGY",2006,1
"EGY",2007,0
"EGY",2008,NA
"EGY",2009,0
"EGY",2010,0
"EGY",2011,0
"EGY",2012,1
"EGY",2013,1
"EGY",2014,1
"EGY",2015,1
"EGY",2016,1
"EGY",2017,1
"EGY",2018,1
"EGY",2019,1
"ERI",2000,1
"ERI",2001,1
"ERI",2002,NA
"ERI",2003,NA
"ERI",2004,1
"ERI",2005,NA
"ERI",2006,NA
"ERI",2007,NA
"ERI",2008,NA
"ERI",2009,0
"ERI",2010,NA
"ERI",2011,NA
"ERI",2012,NA
"ERI",2013,NA
"ERI",2014,NA
"ERI",2015,NA
"ERI",2016,NA
"ERI",2017,1
"ERI",2018,NA
"ERI",2019,NA
"ESP",2000,NA
"ESP",2001,0
"ESP",2002,0
"ESP",2003,0
"ESP",2004,0
"ESP",2005,1
"ESP",2006,NA
"ESP",2007,NA
"ESP",2008,NA
"ESP",2009,0
"ESP",2010,0
"ESP",2011,NA
"ESP",2012,0
"ESP",2013,NA
"ESP",2014,NA
"ESP",2015,NA
"ESP",2016,NA
"ESP",2017,NA
"ESP",2018,0
"ESP",2019,NA
"EST",2000,NA
"EST",2001,NA
"EST",2002,NA
"EST",2003,NA
"EST",2004,NA
"EST",2005,NA
"EST",2006,NA
"EST",2007,NA
"EST",2008,NA
"EST",2009,NA
"EST",2010,NA
"EST",2011,NA
"EST",2012,NA
"EST",2013,NA
"EST",2014,NA
"EST",2015,NA
"EST",2016,NA
"EST",2017,NA
"EST",2018,NA
"EST",2019,NA
"ETH",2000,1
"ETH",2001,1
"ETH",2002,1
"ETH",2003,1
"ETH",2004,1
"ETH",2005,1
"ETH",2006,1
"ETH",2007,1
"ETH",2008,1
"ETH",2009,1
"ETH",2010,1
"ETH",2011,1
"ETH",2012,1
"ETH",2013,1
"ETH",2014,1
"ETH",2015,1
"ETH",2016,1
"ETH",2017,1
"ETH",2018,1
"ETH",2019,1
"FIN",2000,NA
"FIN",2001,NA
"FIN",2002,NA
"FIN",2003,NA
"FIN",2004,NA
"FIN",2005,NA
"FIN",2006,NA
"FIN",2007,NA
"FIN",2008,NA
"FIN",2009,NA
"FIN",2010,NA
"FIN",2011,NA
"FIN",2012,NA
"FIN",2013,NA
"FIN",2014,NA
"FIN",2015,NA
"FIN",2016,NA
"FIN",2017,NA
"FIN",2018,NA
"FIN",2019,NA
"FJI",2000,NA
"FJI",2001,NA
"FJI",2002,NA
"FJI",2003,NA
"FJI",2004,NA
"FJI",2005,NA
"FJI",2006,NA
"FJI",2007,NA
"FJI",2008,NA
"FJI",2009,NA
"FJI",2010,NA
"FJI",2011,NA
"FJI",2012,NA
"FJI",2013,NA
"FJI",2014,NA
"FJI",2015,NA
"FJI",2016,NA
"FJI",2017,NA
"FJI",2018,NA
"FJI",2019,NA
"FRA",2000,NA
"FRA",2001,NA
"FRA",2002,NA
"FRA",2003,NA
"FRA",2004,NA
"FRA",2005,NA
"FRA",2006,NA
"FRA",2007,NA
"FRA",2008,0
"FRA",2009,NA
"FRA",2010,NA
"FRA",2011,NA
"FRA",2012,NA
"FRA",2013,0
"FRA",2014,NA
"FRA",2015,NA
"FRA",2016,1
"FRA",2017,1
"FRA",2018,0
"FRA",2019,0
"FSM",2000,NA
"FSM",2001,NA
"FSM",2002,NA
"FSM",2003,NA
"FSM",2004,NA
"FSM",2005,NA
"FSM",2006,NA
"FSM",2007,NA
"FSM",2008,NA
"FSM",2009,NA
"FSM",2010,NA
"FSM",2011,NA
"FSM",2012,NA
"FSM",2013,NA
"FSM",2014,NA
"FSM",2015,NA
"FSM",2016,NA
"FSM",2017,NA
"FSM",2018,NA
"FSM",2019,NA
"GAB",2000,NA
"GAB",2001,NA
"GAB",2002,NA
"GAB",2003,NA
"GAB",2004,NA
"GAB",2005,NA
"GAB",2006,NA
"GAB",2007,NA
"GAB",2008,NA
"GAB",2009,NA
"GAB",2010,NA
"GAB",2011,NA
"GAB",2012,NA
"GAB",2013,NA
"GAB",2014,NA
"GAB",2015,NA
"GAB",2016,NA
"GAB",2017,NA
"GAB",2018,NA
"GAB",2019,NA
"GBR",2000,NA
"GBR",2001,0
"GBR",2002,0
"GBR",2003,0
"GBR",2004,0
"GBR",2005,0
"GBR",2006,1
"GBR",2007,0
"GBR",2008,NA
"GBR",2009,NA
"GBR",2010,0
"GBR",2011,NA
"GBR",2012,0
"GBR",2013,NA
"GBR",2014,NA
"GBR",2015,NA
"GBR",2016,NA
"GBR",2017,NA
"GBR",2018,NA
"GBR",2019,NA
"GEO",2000,NA
"GEO",2001,NA
"GEO",2002,NA
"GEO",2003,0
"GEO",2004,NA
"GEO",2005,1
"GEO",2006,NA
"GEO",2007,NA
"GEO",2008,NA
"GEO",2009,1
"GEO",2010,NA
"GEO",2011,0
"GEO",2012,0
"GEO",2013,NA
"GEO",2014,NA
"GEO",2015,NA
"GEO",2016,NA
"GEO",2017,NA
"GEO",2018,NA
"GEO",2019,NA
"GHA",2000,NA
"GHA",2001,1
"GHA",2002,1
"GHA",2003,1
"GHA",2004,NA
"GHA",2005,NA
"GHA",2006,NA
"GHA",2007,NA
"GHA",2008,NA
"GHA",2009,1
"GHA",2010,0
"GHA",2011,0
"GHA",2012,NA
"GHA",2013,NA
"GHA",2014,NA
"GHA",2015,NA
"GHA",2016,NA
"GHA",2017,NA
"GHA",2018,NA
"GHA",2019,NA
"GIN",2000,0
"GIN",2001,1
"GIN",2002,1
"GIN",2003,NA
"GIN",2004,NA
"GIN",2005,NA
"GIN",2006,0
"GIN",2007,0
"GIN",2008,1
"GIN",2009,NA
"GIN",2010,1
"GIN",2011,0
"GIN",2012,1
"GIN",2013,0
"GIN",2014,1
"GIN",2015,NA
"GIN",2016,0
"GIN",2017,NA
"GIN",2018,NA
"GIN",2019,NA
"GMB",2000,NA
"GMB",2001,NA
"GMB",2002,NA
"GMB",2003,NA
"GMB",2004,NA
"GMB",2005,0
"GMB",2006,0
"GMB",2007,NA
"GMB",2008,NA
"GMB",2009,NA
"GMB",2010,NA
"GMB",2011,NA
"GMB",2012,NA
"GMB",2013,0
"GMB",2014,NA
"GMB",2015,NA
"GMB",2016,NA
"GMB",2017,NA
"GMB",2018,NA
"GMB",2019,NA
"GNB",2000,1
"GNB",2001,0
"GNB",2002,NA
"GNB",2003,NA
"GNB",2004,NA
"GNB",2005,NA
"GNB",2006,NA
"GNB",2007,NA
"GNB",2008,NA
"GNB",2009,NA
"GNB",2010,NA
"GNB",2011,NA
"GNB",2012,NA
"GNB",2013,NA
"GNB",2014,NA
"GNB",2015,NA
"GNB",2016,NA
"GNB",2017,NA
"GNB",2018,NA
"GNB",2019,NA
"GNQ",2000,NA
"GNQ",2001,NA
"GNQ",2002,NA
"GNQ",2003,NA
"GNQ",2004,NA
"GNQ",2005,NA
"GNQ",2006,NA
"GNQ",2007,NA
"GNQ",2008,NA
"GNQ",2009,NA
"GNQ",2010,NA
"GNQ",2011,NA
"GNQ",2012,NA
"GNQ",2013,NA
"GNQ",2014,NA
"GNQ",2015,NA
"GNQ",2016,NA
"GNQ",2017,NA
"GNQ",2018,NA
"GNQ",2019,NA
"GRC",2000,NA
"GRC",2001,NA
"GRC",2002,NA
"GRC",2003,NA
"GRC",2004,NA
"GRC",2005,NA
"GRC",2006,NA
"GRC",2007,NA
"GRC",2008,NA
"GRC",2009,NA
"GRC",2010,NA
"GRC",2011,NA
"GRC",2012,NA
"GRC",2013,NA
"GRC",2014,NA
"GRC",2015,NA
"GRC",2016,NA
"GRC",2017,NA
"GRC",2018,NA
"GRC",2019,NA
"GRD",2000,NA
"GRD",2001,NA
"GRD",2002,NA
"GRD",2003,NA
"GRD",2004,NA
"GRD",2005,NA
"GRD",2006,NA
"GRD",2007,NA
"GRD",2008,NA
"GRD",2009,NA
"GRD",2010,NA
"GRD",2011,NA
"GRD",2012,NA
"GRD",2013,NA
"GRD",2014,NA
"GRD",2015,NA
"GRD",2016,NA
"GRD",2017,NA
"GRD",2018,NA
"GRD",2019,NA
"GTM",2000,NA
"GTM",2001,NA
"GTM",2002,0
"GTM",2003,0
"GTM",2004,NA
"GTM",2005,0
"GTM",2006,1
"GTM",2007,NA
"GTM",2008,0
"GTM",2009,1
"GTM",2010,0
"GTM",2011,NA
"GTM",2012,1
"GTM",2013,NA
"GTM",2014,NA
"GTM",2015,NA
"GTM",2016,0
"GTM",2017,NA
"GTM",2018,NA
"GTM",2019,NA
"GUY",2000,NA
"GUY",2001,NA
"GUY",2002,NA
"GUY",2003,NA
"GUY",2004,NA
"GUY",2005,NA
"GUY",2006,NA
"GUY",2007,NA
"GUY",2008,NA
"GUY",2009,1
"GUY",2010,NA
"GUY",2011,NA
"GUY",2012,NA
"GUY",2013,NA
"GUY",2014,NA
"GUY",2015,NA
"GUY",2016,NA
"GUY",2017,NA
"GUY",2018,NA
"GUY",2019,NA
"HND",2000,0
"HND",2001,0
"HND",2002,NA
"HND",2003,0
"HND",2004,1
"HND",2005,1
"HND",2006,NA
"HND",2007,NA
"HND",2008,NA
"HND",2009,0
"HND",2010,NA
"HND",2011,1
"HND",2012,0
"HND",2013,0
"HND",2014,NA
"HND",2015,0
"HND",2016,NA
"HND",2017,0
"HND",2018,NA
"HND",2019,NA
"HRV",2000,NA
"HRV",2001,NA
"HRV",2002,NA
"HRV",2003,NA
"HRV",2004,NA
"HRV",2005,NA
"HRV",2006,NA
"HRV",2007,NA
"HRV",2008,NA
"HRV",2009,NA
"HRV",2010,NA
"HRV",2011,NA
"HRV",2012,NA
"HRV",2013,NA
"HRV",2014,NA
"HRV",2015,NA
"HRV",2016,NA
"HRV",2017,NA
"HRV",2018,NA
"HRV",2019,NA
"HTI",2000,0
"HTI",2001,NA
"HTI",2002,NA
"HTI",2003,NA
"HTI",2004,NA
"HTI",2005,1
"HTI",2006,1
"HTI",2007,NA
"HTI",2008,NA
"HTI",2009,NA
"HTI",2010,NA
"HTI",2011,NA
"HTI",2012,NA
"HTI",2013,NA
"HTI",2014,NA
"HTI",2015,NA
"HTI",2016,NA
"HTI",2017,NA
"HTI",2018,0
"HTI",2019,1
"HUN",2000,NA
"HUN",2001,NA
"HUN",2002,NA
"HUN",2003,NA
"HUN",2004,NA
"HUN",2005,NA
"HUN",2006,NA
"HUN",2007,NA
"HUN",2008,NA
"HUN",2009,NA
"HUN",2010,NA
"HUN",2011,NA
"HUN",2012,NA
"HUN",2013,NA
"HUN",2014,NA
"HUN",2015,NA
"HUN",2016,NA
"HUN",2017,NA
"HUN",2018,NA
"HUN",2019,NA
"IDN",2000,1
"IDN",2001,1
"IDN",2002,1
"IDN",2003,1
"IDN",2004,1
"IDN",2005,1
"IDN",2006,1
"IDN",2007,0
"IDN",2008,0
"IDN",2009,0
"IDN",2010,NA
"IDN",2011,NA
"IDN",2012,0
"IDN",2013,0
"IDN",2014,0
"IDN",2015,0
"IDN",2016,0
"IDN",2017,NA
"IDN",2018,0
"IDN",2019,1
"IND",2000,1
"IND",2001,1
"IND",2002,1
"IND",2003,1
"IND",2004,1
"IND",2005,1
"IND",2006,1
"IND",2007,1
"IND",2008,1
"IND",2009,1
"IND",2010,1
"IND",2011,1
"IND",2012,1
"IND",2013,1
"IND",2014,1
"IND",2015,1
"IND",2016,1
"IND",2017,1
"IND",2018,1
"IND",2019,1
"IRL",2000,NA
"IRL",2001,NA
"IRL",2002,NA
"IRL",2003,NA
"IRL",2004,NA
"IRL",2005,NA
"IRL",2006,NA
"IRL",2007,NA
"IRL",2008,NA
"IRL",2009,NA
"IRL",2010,NA
"IRL",2011,NA
"IRL",2012,NA
"IRL",2013,NA
"IRL",2014,NA
"IRL",2015,NA
"IRL",2016,NA
"IRL",2017,NA
"IRL",2018,NA
"IRL",2019,NA
"IRN",2000,0
"IRN",2001,1
"IRN",2002,1
"IRN",2003,NA
"IRN",2004,0
"IRN",2005,NA
"IRN",2006,1
"IRN",2007,1
"IRN",2008,1
"IRN",2009,1
"IRN",2010,1
"IRN",2011,1
"IRN",2012,1
"IRN",2013,0
"IRN",2014,0
"IRN",2015,0
"IRN",2016,1
"IRN",2017,1
"IRN",2018,1
"IRN",2019,1
"IRQ",2000,1
"IRQ",2001,1
"IRQ",2002,1
"IRQ",2003,1
"IRQ",2004,1
"IRQ",2005,1
"IRQ",2006,1
"IRQ",2007,1
"IRQ",2008,1
"IRQ",2009,1
"IRQ",2010,1
"IRQ",2011,1
"IRQ",2012,1
"IRQ",2013,1
"IRQ",2014,1
"IRQ",2015,1
"IRQ",2016,1
"IRQ",2017,1
"IRQ",2018,1
"IRQ",2019,1
"ISL",2000,NA
"ISL",2001,NA
"ISL",2002,NA
"ISL",2003,NA
"ISL",2004,NA
"ISL",2005,NA
"ISL",2006,NA
"ISL",2007,NA
"ISL",2008,NA
"ISL",2009,NA
"ISL",2010,NA
"ISL",2011,NA
"ISL",2012,NA
"ISL",2013,NA
"ISL",2014,NA
"ISL",2015,NA
"ISL",2016,NA
"ISL",2017,NA
"ISL",2018,NA
"ISL",2019,NA
"ITA",2000,NA
"ITA",2001,NA
"ITA",2002,NA
"ITA",2003,NA
"ITA",2004,NA
"ITA",2005,NA
"ITA",2006,NA
"ITA",2007,NA
"ITA",2008,NA
"ITA",2009,NA
"ITA",2010,NA
"ITA",2011,NA
"ITA",2012,NA
"ITA",2013,NA
"ITA",2014,NA
"ITA",2015,NA
"ITA",2016,NA
"ITA",2017,NA
"ITA",2018,NA
"ITA",2019,NA
"JAM",2000,NA
"JAM",2001,NA
"JAM",2002,1
"JAM",2003,0
"JAM",2004,0
"JAM",2005,NA
"JAM",2006,NA
"JAM",2007,NA
"JAM",2008,NA
"JAM",2009,NA
"JAM",2010,NA
"JAM",2011,NA
"JAM",2012,NA
"JAM",2013,NA
"JAM",2014,NA
"JAM",2015,NA
"JAM",2016,NA
"JAM",2017,NA
"JAM",2018,NA
"JAM",2019,NA
"JOR",2000,NA
"JOR",2001,NA
"JOR",2002,NA
"JOR",2003,NA
"JOR",2004,NA
"JOR",2005,NA
"JOR",2006,1
"JOR",2007,NA
"JOR",2008,NA
"JOR",2009,NA
"JOR",2010,NA
"JOR",2011,NA
"JOR",2012,NA
"JOR",2013,NA
"JOR",2014,NA
"JOR",2015,NA
"JOR",2016,0
"JOR",2017,1
"JOR",2018,NA
"JOR",2019,NA
"JPN",2000,NA
"JPN",2001,NA
"JPN",2002,NA
"JPN",2003,NA
"JPN",2004,NA
"JPN",2005,NA
"JPN",2006,NA
"JPN",2007,NA
"JPN",2008,NA
"JPN",2009,NA
"JPN",2010,NA
"JPN",2011,NA
"JPN",2012,NA
"JPN",2013,NA
"JPN",2014,NA
"JPN",2015,NA
"JPN",2016,NA
"JPN",2017,NA
"JPN",2018,NA
"JPN",2019,NA
"KAZ",2000,NA
"KAZ",2001,NA
"KAZ",2002,NA
"KAZ",2003,NA
"KAZ",2004,NA
"KAZ",2005,NA
"KAZ",2006,NA
"KAZ",2007,NA
"KAZ",2008,NA
"KAZ",2009,NA
"KAZ",2010,NA
"KAZ",2011,NA
"KAZ",2012,NA
"KAZ",2013,NA
"KAZ",2014,NA
"KAZ",2015,NA
"KAZ",2016,NA
"KAZ",2017,NA
"KAZ",2018,NA
"KAZ",2019,NA
"KEN",2000,1
"KEN",2001,1
"KEN",2002,1
"KEN",2003,1
"KEN",2004,0
"KEN",2005,0
"KEN",2006,1
"KEN",2007,1
"KEN",2008,1
"KEN",2009,1
"KEN",2010,1
"KEN",2011,1
"KEN",2012,1
"KEN",2013,1
"KEN",2014,1
"KEN",2015,1
"KEN",2016,1
"KEN",2017,1
"KEN",2018,1
"KEN",2019,1
"KGZ",2000,0
"KGZ",2001,1
"KGZ",2002,NA
"KGZ",2003,NA
"KGZ",2004,NA
"KGZ",2005,NA
"KGZ",2006,NA
"KGZ",2007,0
"KGZ",2008,NA
"KGZ",2009,NA
"KGZ",2010,NA
"KGZ",2011,1
"KGZ",2012,NA
"KGZ",2013,NA
"KGZ",2014,NA
"KGZ",2015,NA
"KGZ",2016,0
"KGZ",2017,NA
"KGZ",2018,NA
"KGZ",2019,NA
"KHM",2000,0
"KHM",2001,0
"KHM",2002,NA
"KHM",2003,NA
"KHM",2004,0
"KHM",2005,NA
"KHM",2006,NA
"KHM",2007,NA
"KHM",2008,0
"KHM",2009,0
"KHM",2010,0
"KHM",2011,NA
"KHM",2012,0
"KHM",2013,0
"KHM",2014,NA
"KHM",2015,NA
"KHM",2016,NA
"KHM",2017,NA
"KHM",2018,NA
"KHM",2019,NA
"KIR",2000,NA
"KIR",2001,NA
"KIR",2002,NA
"KIR",2003,NA
"KIR",2004,NA
"KIR",2005,NA
"KIR",2006,NA
"KIR",2007,NA
"KIR",2008,NA
"KIR",2009,NA
"KIR",2010,NA
"KIR",2011,NA
"KIR",2012,NA
"KIR",2013,NA
"KIR",2014,NA
"KIR",2015,NA
"KIR",2016,NA
"KIR",2017,NA
"KIR",2018,NA
"KIR",2019,NA
"KOR",2000,NA
"KOR",2001,NA
"KOR",2002,NA
"KOR",2003,NA
"KOR",2004,NA
"KOR",2005,NA
"KOR",2006,NA
"KOR",2007,NA
"KOR",2008,NA
"KOR",2009,NA
"KOR",2010,NA
"KOR",2011,NA
"KOR",2012,NA
"KOR",2013,NA
"KOR",2014,NA
"KOR",2015,NA
"KOR",2016,NA
"KOR",2017,NA
"KOR",2018,NA
"KOR",2019,NA
"KWT",2000,NA
"KWT",2001,NA
"KWT",2002,NA
"KWT",2003,NA
"KWT",2004,NA
"KWT",2005,NA
"KWT",2006,NA
"KWT",2007,NA
"KWT",2008,NA
"KWT",2009,NA
"KWT",2010,NA
"KWT",2011,NA
"KWT",2012,NA
"KWT",2013,NA
"KWT",2014,NA
"KWT",2015,NA
"KWT",2016,1
"KWT",2017,NA
"KWT",2018,NA
"KWT",2019,NA
"LAO",2000,0
"LAO",2001,0
"LAO",2002,NA
"LAO",2003,0
"LAO",2004,0
"LAO",2005,0
"LAO",2006,NA
"LAO",2007,1
"LAO",2008,NA
"LAO",2009,NA
"LAO",2010,NA
"LAO",2011,NA
"LAO",2012,NA
"LAO",2013,NA
"LAO",2014,NA
"LAO",2015,NA
"LAO",2016,NA
"LAO",2017,NA
"LAO",2018,NA
"LAO",2019,NA
"LBN",2000,1
"LBN",2001,1
"LBN",2002,0
"LBN",2003,0
"LBN",2004,0
"LBN",2005,NA
"LBN",2006,0
"LBN",2007,1
"LBN",2008,NA
"LBN",2009,1
"LBN",2010,NA
"LBN",2011,NA
"LBN",2012,0
"LBN",2013,1
"LBN",2014,1
"LBN",2015,1
"LBN",2016,1
"LBN",2017,1
"LBN",2018,1
"LBN",2019,0
"LBR",2000,1
"LBR",2001,1
"LBR",2002,1
"LBR",2003,1
"LBR",2004,1
"LBR",2005,NA
"LBR",2006,NA
"LBR",2007,NA
"LBR",2008,NA
"LBR",2009,NA
"LBR",2010,NA
"LBR",2011,NA
"LBR",2012,NA
"LBR",2013,NA
"LBR",2014,NA
"LBR",2015,NA
"LBR",2016,NA
"LBR",2017,NA
"LBR",2018,NA
"LBR",2019,NA
"LBY",2000,NA
"LBY",2001,NA
"LBY",2002,NA
"LBY",2003,NA
"LBY",2004,NA
"LBY",2005,NA
"LBY",2006,NA
"LBY",2007,NA
"LBY",2008,NA
"LBY",2009,0
"LBY",2010,NA
"LBY",2011,NA
"LBY",2012,1
"LBY",2013,1
"LBY",2014,1
"LBY",2015,1
"LBY",2016,1
"LBY",2017,1
"LBY",2018,1
"LBY",2019,1
"LCA",2000,NA
"LCA",2001,NA
"LCA",2002,NA
"LCA",2003,NA
"LCA",2004,NA
"LCA",2005,NA
"LCA",2006,NA
"LCA",2007,NA
"LCA",2008,NA
"LCA",2009,NA
"LCA",2010,NA
"LCA",2011,NA
"LCA",2012,NA
"LCA",2013,NA
"LCA",2014,NA
"LCA",2015,NA
"LCA",2016,NA
"LCA",2017,NA
"LCA",2018,NA
"LCA",2019,NA
"LKA",2000,1
"LKA",2001,1
"LKA",2002,1
"LKA",2003,0
"LKA",2004,1
"LKA",2005,1
"LKA",2006,1
"LKA",2007,1
"LKA",2008,1
"LKA",2009,1
"LKA",2010,1
"LKA",2011,NA
"LKA",2012,0
"LKA",2013,NA
"LKA",2014,0
"LKA",2015,NA
"LKA",2016,NA
"LKA",2017,NA
"LKA",2018,0
"LKA",2019,NA
"LSO",2000,NA
"LSO",2001,NA
"LSO",2002,NA
"LSO",2003,NA
"LSO",2004,NA
"LSO",2005,NA
"LSO",2006,NA
"LSO",2007,NA
"LSO",2008,NA
"LSO",2009,NA
"LSO",2010,NA
"LSO",2011,NA
"LSO",2012,NA
"LSO",2013,NA
"LSO",2014,NA
"LSO",2015,NA
"LSO",2016,NA
"LSO",2017,NA
"LSO",2018,NA
"LSO",2019,NA
"LTU",2000,NA
"LTU",2001,NA
"LTU",2002,NA
"LTU",2003,NA
"LTU",2004,NA
"LTU",2005,NA
"LTU",2006,NA
"LTU",2007,NA
"LTU",2008,NA
"LTU",2009,NA
"LTU",2010,NA
"LTU",2011,NA
"LTU",2012,NA
"LTU",2013,NA
"LTU",2014,NA
"LTU",2015,NA
"LTU",2016,NA
"LTU",2017,NA
"LTU",2018,NA
"LTU",2019,NA
"LUX",2000,NA
"LUX",2001,NA
"LUX",2002,NA
"LUX",2003,NA
"LUX",2004,NA
"LUX",2005,NA
"LUX",2006,NA
"LUX",2007,NA
"LUX",2008,NA
"LUX",2009,NA
"LUX",2010,NA
"LUX",2011,NA
"LUX",2012,NA
"LUX",2013,NA
"LUX",2014,NA
"LUX",2015,NA
"LUX",2016,NA
"LUX",2017,NA
"LUX",2018,NA
"LUX",2019,NA
"LVA",2000,NA
"LVA",2001,NA
"LVA",2002,NA
"LVA",2003,NA
"LVA",2004,NA
"LVA",2005,NA
"LVA",2006,NA
"LVA",2007,NA
"LVA",2008,NA
"LVA",2009,NA
"LVA",2010,NA
"LVA",2011,NA
"LVA",2012,NA
"LVA",2013,NA
"LVA",2014,NA
"LVA",2015,NA
"LVA",2016,NA
"LVA",2017,NA
"LVA",2018,NA
"LVA",2019,NA
"MAR",2000,NA
"MAR",2001,NA
"MAR",2002,NA
"MAR",2003,NA
"MAR",2004,1
"MAR",2005,NA
"MAR",2006,NA
"MAR",2007,NA
"MAR",2008,NA
"MAR",2009,NA
"MAR",2010,NA
"MAR",2011,NA
"MAR",2012,NA
"MAR",2013,NA
"MAR",2014,NA
"MAR",2015,NA
"MAR",2016,NA
"MAR",2017,NA
"MAR",2018,NA
"MAR",2019,NA
"MDA",2000,NA
"MDA",2001,NA
"MDA",2002,NA
"MDA",2003,NA
"MDA",2004,NA
"MDA",2005,NA
"MDA",2006,NA
"MDA",2007,NA
"MDA",2008,NA
"MDA",2009,NA
"MDA",2010,NA
"MDA",2011,NA
"MDA",2012,NA
"MDA",2013,NA
"MDA",2014,NA
"MDA",2015,NA
"MDA",2016,NA
"MDA",2017,NA
"MDA",2018,NA
"MDA",2019,NA
"MDG",2000,NA
"MDG",2001,NA
"MDG",2002,NA
"MDG",2003,1
"MDG",2004,NA
"MDG",2005,NA
"MDG",2006,NA
"MDG",2007,NA
"MDG",2008,NA
"MDG",2009,NA
"MDG",2010,1
"MDG",2011,NA
"MDG",2012,NA
"MDG",2013,0
"MDG",2014,NA
"MDG",2015,NA
"MDG",2016,NA
"MDG",2017,NA
"MDG",2018,0
"MDG",2019,NA
"MDV",2000,NA
"MDV",2001,NA
"MDV",2002,NA
"MDV",2003,NA
"MDV",2004,NA
"MDV",2005,NA
"MDV",2006,NA
"MDV",2007,NA
"MDV",2008,NA
"MDV",2009,NA
"MDV",2010,NA
"MDV",2011,NA
"MDV",2012,NA
"MDV",2013,NA
"MDV",2014,NA
"MDV",2015,NA
"MDV",2016,NA
"MDV",2017,NA
"MDV",2018,NA
"MDV",2019,NA
"MEX",2000,NA
"MEX",2001,NA
"MEX",2002,NA
"MEX",2003,1
"MEX",2004,NA
"MEX",2005,1
"MEX",2006,1
"MEX",2007,1
"MEX",2008,1
"MEX",2009,1
"MEX",2010,1
"MEX",2011,1
"MEX",2012,1
"MEX",2013,1
"MEX",2014,1
"MEX",2015,1
"MEX",2016,1
"MEX",2017,1
"MEX",2018,1
"MEX",2019,1
"MHL",2000,NA
"MHL",2001,NA
"MHL",2002,NA
"MHL",2003,NA
"MHL",2004,NA
"MHL",2005,NA
"MHL",2006,NA
"MHL",2007,NA
"MHL",2008,NA
"MHL",2009,NA
"MHL",2010,NA
"MHL",2011,NA
"MHL",2012,NA
"MHL",2013,NA
"MHL",2014,NA
"MHL",2015,NA
"MHL",2016,NA
"MHL",2017,NA
"MHL",2018,NA
"MHL",2019,NA
"MKD",2000,0
"MKD",2001,0
"MKD",2002,1
"MKD",2003,NA
"MKD",2004,NA
"MKD",2005,NA
"MKD",2006,NA
"MKD",2007,NA
"MKD",2008,NA
"MKD",2009,NA
"MKD",2010,NA
"MKD",2011,NA
"MKD",2012,NA
"MKD",2013,NA
"MKD",2014,NA
"MKD",2015,NA
"MKD",2016,NA
"MKD",2017,NA
"MKD",2018,NA
"MKD",2019,NA
"MLI",2000,1
"MLI",2001,NA
"MLI",2002,NA
"MLI",2003,0
"MLI",2004,NA
"MLI",2005,0
"MLI",2006,0
"MLI",2007,NA
"MLI",2008,1
"MLI",2009,1
"MLI",2010,1
"MLI",2011,1
"MLI",2012,0
"MLI",2013,1
"MLI",2014,1
"MLI",2015,1
"MLI",2016,1
"MLI",2017,1
"MLI",2018,1
"MLI",2019,1
"MLT",2000,NA
"MLT",2001,NA
"MLT",2002,NA
"MLT",2003,NA
"MLT",2004,NA
"MLT",2005,NA
"MLT",2006,NA
"MLT",2007,NA
"MLT",2008,NA
"MLT",2009,NA
"MLT",2010,NA
"MLT",2011,NA
"MLT",2012,NA
"MLT",2013,NA
"MLT",2014,NA
"MLT",2015,NA
"MLT",2016,NA
"MLT",2017,NA
"MLT",2018,NA
"MLT",2019,NA
"MMR",2000,1
"MMR",2001,1
"MMR",2002,1
"MMR",2003,1
"MMR",2004,1
"MMR",2005,1
"MMR",2006,1
"MMR",2007,1
"MMR",2008,1
"MMR",2009,1
"MMR",2010,1
"MMR",2011,1
"MMR",2012,1
"MMR",2013,1
"MMR",2014,1
"MMR",2015,1
"MMR",2016,1
"MMR",2017,1
"MMR",2018,1
"MMR",2019,1
"MNE",2000,NA
"MNE",2001,NA
"MNE",2002,NA
"MNE",2003,NA
"MNE",2004,NA
"MNE",2005,NA
"MNE",2006,NA
"MNE",2007,NA
"MNE",2008,NA
"MNE",2009,NA
"MNE",2010,NA
"MNE",2011,NA
"MNE",2012,NA
"MNE",2013,NA
"MNE",2014,NA
"MNE",2015,NA
"MNE",2016,NA
"MNE",2017,NA
"MNE",2018,NA
"MNE",2019,NA
"MNG",2000,NA
"MNG",2001,NA
"MNG",2002,NA
"MNG",2003,NA
"MNG",2004,NA
"MNG",2005,NA
"MNG",2006,NA
"MNG",2007,NA
"MNG",2008,NA
"MNG",2009,NA
"MNG",2010,NA
"MNG",2011,NA
"MNG",2012,NA
"MNG",2013,NA
"MNG",2014,NA
"MNG",2015,NA
"MNG",2016,NA
"MNG",2017,NA
"MNG",2018,NA
"MNG",2019,NA
"MOZ",2000,NA
"MOZ",2001,NA
"MOZ",2002,NA
"MOZ",2003,NA
"MOZ",2004,NA
"MOZ",2005,0
"MOZ",2006,0
"MOZ",2007,NA
"MOZ",2008,NA
"MOZ",2009,NA
"MOZ",2010,NA
"MOZ",2011,0
"MOZ",2012,NA
"MOZ",2013,0
"MOZ",2014,1
"MOZ",2015,1
"MOZ",2016,0
"MOZ",2017,1
"MOZ",2018,0
"MOZ",2019,1
"MRT",2000,NA
"MRT",2001,NA
"MRT",2002,NA
"MRT",2003,NA
"MRT",2004,NA
"MRT",2005,NA
"MRT",2006,NA
"MRT",2007,NA
"MRT",2008,0
"MRT",2009,0
"MRT",2010,0
"MRT",2011,0
"MRT",2012,0
"MRT",2013,0
"MRT",2014,NA
"MRT",2015,NA
"MRT",2016,NA
"MRT",2017,NA
"MRT",2018,NA
"MRT",2019,NA
"MUS",2000,NA
"MUS",2001,NA
"MUS",2002,NA
"MUS",2003,NA
"MUS",2004,NA
"MUS",2005,NA
"MUS",2006,NA
"MUS",2007,NA
"MUS",2008,NA
"MUS",2009,NA
"MUS",2010,NA
"MUS",2011,NA
"MUS",2012,NA
"MUS",2013,NA
"MUS",2014,NA
"MUS",2015,NA
"MUS",2016,NA
"MUS",2017,NA
"MUS",2018,NA
"MUS",2019,NA
"MWI",2000,NA
"MWI",2001,NA
"MWI",2002,NA
"MWI",2003,NA
"MWI",2004,NA
"MWI",2005,NA
"MWI",2006,NA
"MWI",2007,NA
"MWI",2008,NA
"MWI",2009,NA
"MWI",2010,NA
"MWI",2011,NA
"MWI",2012,NA
"MWI",2013,NA
"MWI",2014,NA
"MWI",2015,NA
"MWI",2016,NA
"MWI",2017,NA
"MWI",2018,NA
"MWI",2019,NA
"MYS",2000,NA
"MYS",2001,NA
"MYS",2002,NA
"MYS",2003,NA
"MYS",2004,NA
"MYS",2005,NA
"MYS",2006,NA
"MYS",2007,NA
"MYS",2008,NA
"MYS",2009,NA
"MYS",2010,NA
"MYS",2011,NA
"MYS",2012,NA
"MYS",2013,NA
"MYS",2014,1
"MYS",2015,NA
"MYS",2016,NA
"MYS",2017,NA
"MYS",2018,0
"MYS",2019,NA
"NAM",2000,0
"NAM",2001,1
"NAM",2002,NA
"NAM",2003,0
"NAM",2004,NA
"NAM",2005,NA
"NAM",2006,NA
"NAM",2007,NA
"NAM",2008,NA
"NAM",2009,NA
"NAM",2010,NA
"NAM",2011,NA
"NAM",2012,NA
"NAM",2013,NA
"NAM",2014,NA
"NAM",2015,NA
"NAM",2016,NA
"NAM",2017,NA
"NAM",2018,NA
"NAM",2019,NA
"NER",2000,NA
"NER",2001,NA
"NER",2002,NA
"NER",2003,NA
"NER",2004,NA
"NER",2005,0
"NER",2006,NA
"NER",2007,NA
"NER",2008,1
"NER",2009,1
"NER",2010,NA
"NER",2011,NA
"NER",2012,NA
"NER",2013,0
"NER",2014,1
"NER",2015,0
"NER",2016,1
"NER",2017,1
"NER",2018,1
"NER",2019,1
"NGA",2000,1
"NGA",2001,1
"NGA",2002,1
"NGA",2003,1
"NGA",2004,1
"NGA",2005,1
"NGA",2006,1
"NGA",2007,1
"NGA",2008,1
"NGA",2009,1
"NGA",2010,1
"NGA",2011,1
"NGA",2012,1
"NGA",2013,1
"NGA",2014,1
"NGA",2015,1
"NGA",2016,1
"NGA",2017,1
"NGA",2018,1
"NGA",2019,1
"NIC",2000,NA
"NIC",2001,NA
"NIC",2002,NA
"NIC",2003,NA
"NIC",2004,NA
"NIC",2005,NA
"NIC",2006,NA
"NIC",2007,NA
"NIC",2008,NA
"NIC",2009,NA
"NIC",2010,NA
"NIC",2011,NA
"NIC",2012,NA
"NIC",2013,NA
"NIC",2014,NA
"NIC",2015,NA
"NIC",2016,NA
"NIC",2017,NA
"NIC",2018,NA
"NIC",2019,NA
"NLD",2000,NA
"NLD",2001,NA
"NLD",2002,NA
"NLD",2003,NA
"NLD",2004,NA
"NLD",2005,NA
"NLD",2006,NA
"NLD",2007,NA
"NLD",2008,NA
"NLD",2009,NA
"NLD",2010,NA
"NLD",2011,NA
"NLD",2012,NA
"NLD",2013,NA
"NLD",2014,NA
"NLD",2015,NA
"NLD",2016,0
"NLD",2017,NA
"NLD",2018,NA
"NLD",2019,NA
"NOR",2000,NA
"NOR",2001,NA
"NOR",2002,NA
"NOR",2003,NA
"NOR",2004,NA
"NOR",2005,NA
"NOR",2006,NA
"NOR",2007,NA
"NOR",2008,NA
"NOR",2009,NA
"NOR",2010,NA
"NOR",2011,NA
"NOR",2012,NA
"NOR",2013,NA
"NOR",2014,NA
"NOR",2015,NA
"NOR",2016,NA
"NOR",2017,NA
"NOR",2018,NA
"NOR",2019,NA
"NPL",2000,1
"NPL",2001,1
"NPL",2002,1
"NPL",2003,1
"NPL",2004,1
"NPL",2005,1
"NPL",2006,1
"NPL",2007,1
"NPL",2008,1
"NPL",2009,0
"NPL",2010,0
"NPL",2011,NA
"NPL",2012,NA
"NPL",2013,NA
"NPL",2014,NA
"NPL",2015,NA
"NPL",2016,NA
"NPL",2017,NA
"NPL",2018,NA
"NPL",2019,NA
"NZL",2000,NA
"NZL",2001,NA
"NZL",2002,NA
"NZL",2003,NA
"NZL",2004,NA
"NZL",2005,NA
"NZL",2006,NA
"NZL",2007,NA
"NZL",2008,NA
"NZL",2009,NA
"NZL",2010,NA
"NZL",2011,NA
"NZL",2012,NA
"NZL",2013,NA
"NZL",2014,NA
"NZL",2015,NA
"NZL",2016,NA
"NZL",2017,NA
"NZL",2018,NA
"NZL",2019,NA
"OMN",2000,NA
"OMN",2001,NA
"OMN",2002,NA
"OMN",2003,NA
"OMN",2004,NA
"OMN",2005,NA
"OMN",2006,NA
"OMN",2007,NA
"OMN",2008,NA
"OMN",2009,NA
"OMN",2010,NA
"OMN",2011,NA
"OMN",2012,NA
"OMN",2013,NA
"OMN",2014,NA
"OMN",2015,NA
"OMN",2016,NA
"OMN",2017,NA
"OMN",2018,NA
"OMN",2019,NA
"PAK",2000,1
"PAK",2001,1
"PAK",2002,1
"PAK",2003,1
"PAK",2004,1
"PAK",2005,1
"PAK",2006,1
"PAK",2007,1
"PAK",2008,1
"PAK",2009,1
"PAK",2010,1
"PAK",2011,1
"PAK",2012,1
"PAK",2013,1
"PAK",2014,1
"PAK",2015,1
"PAK",2016,1
"PAK",2017,1
"PAK",2018,1
"PAK",2019,1
"PAN",2000,NA
"PAN",2001,NA
"PAN",2002,NA
"PAN",2003,NA
"PAN",2004,NA
"PAN",2005,NA
"PAN",2006,NA
"PAN",2007,NA
"PAN",2008,NA
"PAN",2009,NA
"PAN",2010,NA
"PAN",2011,NA
"PAN",2012,NA
"PAN",2013,NA
"PAN",2014,NA
"PAN",2015,NA
"PAN",2016,NA
"PAN",2017,NA
"PAN",2018,NA
"PAN",2019,NA
"PER",2000,1
"PER",2001,0
"PER",2002,0
"PER",2003,0
"PER",2004,0
"PER",2005,0
"PER",2006,0
"PER",2007,0
"PER",2008,1
"PER",2009,1
"PER",2010,1
"PER",2011,1
"PER",2012,0
"PER",2013,NA
"PER",2014,0
"PER",2015,0
"PER",2016,0
"PER",2017,0
"PER",2018,0
"PER",2019,NA
"PHL",2000,1
"PHL",2001,1
"PHL",2002,1
"PHL",2003,1
"PHL",2004,1
"PHL",2005,1
"PHL",2006,1
"PHL",2007,1
"PHL",2008,1
"PHL",2009,1
"PHL",2010,1
"PHL",2011,1
"PHL",2012,1
"PHL",2013,1
"PHL",2014,1
"PHL",2015,1
"PHL",2016,1
"PHL",2017,1
"PHL",2018,1
"PHL",2019,1
"PNG",2000,1
"PNG",2001,0
"PNG",2002,1
"PNG",2003,0
"PNG",2004,NA
"PNG",2005,NA
"PNG",2006,NA
"PNG",2007,NA
"PNG",2008,NA
"PNG",2009,NA
"PNG",2010,NA
"PNG",2011,NA
"PNG",2012,NA
"PNG",2013,1
"PNG",2014,NA
"PNG",2015,NA
"PNG",2016,NA
"PNG",2017,NA
"PNG",2018,NA
"PNG",2019,NA
"POL",2000,NA
"POL",2001,NA
"POL",2002,NA
"POL",2003,NA
"POL",2004,NA
"POL",2005,NA
"POL",2006,NA
"POL",2007,NA
"POL",2008,NA
"POL",2009,NA
"POL",2010,NA
"POL",2011,NA
"POL",2012,NA
"POL",2013,NA
"POL",2014,NA
"POL",2015,NA
"POL",2016,NA
"POL",2017,NA
"POL",2018,NA
"POL",2019,NA
"PRI",2000,NA
"PRI",2001,NA
"PRI",2002,NA
"PRI",2003,NA
"PRI",2004,NA
"PRI",2005,NA
"PRI",2006,NA
"PRI",2007,NA
"PRI",2008,NA
"PRI",2009,NA
"PRI",2010,NA
"PRI",2011,NA
"PRI",2012,NA
"PRI",2013,NA
"PRI",2014,NA
"PRI",2015,NA
"PRI",2016,NA
"PRI",2017,NA
"PRI",2018,NA
"PRI",2019,NA
"PRK",2000,NA
"PRK",2001,NA
"PRK",2002,NA
"PRK",2003,NA
"PRK",2004,NA
"PRK",2005,NA
"PRK",2006,NA
"PRK",2007,NA
"PRK",2008,NA
"PRK",2009,NA
"PRK",2010,NA
"PRK",2011,NA
"PRK",2012,NA
"PRK",2013,NA
"PRK",2014,NA
"PRK",2015,NA
"PRK",2016,NA
"PRK",2017,NA
"PRK",2018,NA
"PRK",2019,NA
"PRT",2000,NA
"PRT",2001,NA
"PRT",2002,NA
"PRT",2003,NA
"PRT",2004,NA
"PRT",2005,NA
"PRT",2006,NA
"PRT",2007,NA
"PRT",2008,NA
"PRT",2009,NA
"PRT",2010,NA
"PRT",2011,NA
"PRT",2012,NA
"PRT",2013,NA
"PRT",2014,NA
"PRT",2015,NA
"PRT",2016,NA
"PRT",2017,NA
"PRT",2018,NA
"PRT",2019,NA
"PRY",2000,NA
"PRY",2001,NA
"PRY",2002,NA
"PRY",2003,NA
"PRY",2004,NA
"PRY",2005,NA
"PRY",2006,NA
"PRY",2007,NA
"PRY",2008,NA
"PRY",2009,NA
"PRY",2010,NA
"PRY",2011,NA
"PRY",2012,NA
"PRY",2013,NA
"PRY",2014,NA
"PRY",2015,NA
"PRY",2016,NA
"PRY",2017,NA
"PRY",2018,NA
"PRY",2019,NA
"QAT",2000,NA
"QAT",2001,NA
"QAT",2002,NA
"QAT",2003,NA
"QAT",2004,NA
"QAT",2005,0
"QAT",2006,NA
"QAT",2007,NA
"QAT",2008,NA
"QAT",2009,NA
"QAT",2010,NA
"QAT",2011,NA
"QAT",2012,NA
"QAT",2013,NA
"QAT",2014,NA
"QAT",2015,NA
"QAT",2016,NA
"QAT",2017,NA
"QAT",2018,NA
"QAT",2019,NA
"ROU",2000,NA
"ROU",2001,NA
"ROU",2002,NA
"ROU",2003,NA
"ROU",2004,NA
"ROU",2005,NA
"ROU",2006,NA
"ROU",2007,NA
"ROU",2008,NA
"ROU",2009,NA
"ROU",2010,NA
"ROU",2011,NA
"ROU",2012,NA
"ROU",2013,NA
"ROU",2014,NA
"ROU",2015,NA
"ROU",2016,NA
"ROU",2017,NA
"ROU",2018,NA
"ROU",2019,NA
"RUS",2000,1
"RUS",2001,1
"RUS",2002,1
"RUS",2003,1
"RUS",2004,1
"RUS",2005,1
"RUS",2006,1
"RUS",2007,1
"RUS",2008,1
"RUS",2009,1
"RUS",2010,1
"RUS",2011,1
"RUS",2012,1
"RUS",2013,1
"RUS",2014,1
"RUS",2015,1
"RUS",2016,1
"RUS",2017,1
"RUS",2018,1
"RUS",2019,1
"RWA",2000,1
"RWA",2001,NA
"RWA",2002,1
"RWA",2003,NA
"RWA",2004,NA
"RWA",2005,0
"RWA",2006,NA
"RWA",2007,NA
"RWA",2008,NA
"RWA",2009,NA
"RWA",2010,0
"RWA",2011,NA
"RWA",2012,0
"RWA",2013,0
"RWA",2014,0
"RWA",2015,NA
"RWA",2016,NA
"RWA",2017,1
"RWA",2018,0
"RWA",2019,0
"SAU",2000,NA
"SAU",2001,NA
"SAU",2002,NA
"SAU",2003,NA
"SAU",2004,1
"SAU",2005,1
"SAU",2006,1
"SAU",2007,0
"SAU",2008,0
"SAU",2009,NA
"SAU",2010,NA
"SAU",2011,NA
"SAU",2012,NA
"SAU",2013,NA
"SAU",2014,NA
"SAU",2015,NA
"SAU",2016,1
"SAU",2017,1
"SAU",2018,1
"SAU",2019,0
"SDN",2000,1
"SDN",2001,1
"SDN",2002,1
"SDN",2003,1
"SDN",2004,1
"SDN",2005,1
"SDN",2006,1
"SDN",2007,1
"SDN",2008,1
"SDN",2009,1
"SDN",2010,1
"SDN",2011,1
"SDN",2012,1
"SDN",2013,1
"SDN",2014,1
"SDN",2015,1
"SDN",2016,1
"SDN",2017,1
"SDN",2018,1
"SDN",2019,1
"SEN",2000,1
"SEN",2001,1
"SEN",2002,1
"SEN",2003,1
"SEN",2004,1
"SEN",2005,0
"SEN",2006,1
"SEN",2007,1
"SEN",2008,NA
"SEN",2009,0
"SEN",2010,0
"SEN",2011,0
"SEN",2012,1
"SEN",2013,0
"SEN",2014,0
"SEN",2015,NA
"SEN",2016,NA
"SEN",2017,NA
"SEN",2018,NA
"SEN",2019,0
"SGP",2000,NA
"SGP",2001,NA
"SGP",2002,NA
"SGP",2003,NA
"SGP",2004,NA
"SGP",2005,NA
"SGP",2006,NA
"SGP",2007,NA
"SGP",2008,NA
"SGP",2009,NA
"SGP",2010,NA
"SGP",2011,NA
"SGP",2012,NA
"SGP",2013,NA
"SGP",2014,NA
"SGP",2015,NA
"SGP",2016,NA
"SGP",2017,NA
"SGP",2018,NA
"SGP",2019,NA
"SLB",2000,NA
"SLB",2001,NA
"SLB",2002,NA
"SLB",2003,NA
"SLB",2004,NA
"SLB",2005,NA
"SLB",2006,NA
"SLB",2007,NA
"SLB",2008,NA
"SLB",2009,NA
"SLB",2010,NA
"SLB",2011,NA
"SLB",2012,NA
"SLB",2013,NA
"SLB",2014,NA
"SLB",2015,NA
"SLB",2016,NA
"SLB",2017,NA
"SLB",2018,NA
"SLB",2019,NA
"SLE",2000,1
"SLE",2001,1
"SLE",2002,1
"SLE",2003,0
"SLE",2004,NA
"SLE",2005,NA
"SLE",2006,NA
"SLE",2007,NA
"SLE",2008,NA
"SLE",2009,NA
"SLE",2010,NA
"SLE",2011,NA
"SLE",2012,NA
"SLE",2013,NA
"SLE",2014,NA
"SLE",2015,NA
"SLE",2016,NA
"SLE",2017,NA
"SLE",2018,NA
"SLE",2019,NA
"SLV",2000,NA
"SLV",2001,NA
"SLV",2002,NA
"SLV",2003,NA
"SLV",2004,NA
"SLV",2005,NA
"SLV",2006,NA
"SLV",2007,NA
"SLV",2008,NA
"SLV",2009,NA
"SLV",2010,NA
"SLV",2011,NA
"SLV",2012,NA
"SLV",2013,NA
"SLV",2014,NA
"SLV",2015,NA
"SLV",2016,NA
"SLV",2017,NA
"SLV",2018,NA
"SLV",2019,NA
"SOM",2000,1
"SOM",2001,1
"SOM",2002,1
"SOM",2003,1
"SOM",2004,1
"SOM",2005,1
"SOM",2006,1
"SOM",2007,1
"SOM",2008,1
"SOM",2009,1
"SOM",2010,1
"SOM",2011,1
"SOM",2012,1
"SOM",2013,1
"SOM",2014,1
"SOM",2015,1
"SOM",2016,1
"SOM",2017,1
"SOM",2018,1
"SOM",2019,1
"SRB",2000,1
"SRB",2001,NA
"SRB",2002,0
"SRB",2003,NA
"SRB",2004,NA
"SRB",2005,NA
"SRB",2006,NA
"SRB",2007,NA
"SRB",2008,NA
"SRB",2009,NA
"SRB",2010,NA
"SRB",2011,NA
"SRB",2012,NA
"SRB",2013,NA
"SRB",2014,NA
"SRB",2015,NA
"SRB",2016,NA
"SRB",2017,NA
"SRB",2018,NA
"SRB",2019,NA
"SSD",2000,NA
"SSD",2001,NA
"SSD",2002,NA
"SSD",2003,NA
"SSD",2004,NA
"SSD",2005,NA
"SSD",2006,NA
"SSD",2007,NA
"SSD",2008,NA
"SSD",2009,NA
"SSD",2010,NA
"SSD",2011,NA
"SSD",2012,1
"SSD",2013,1
"SSD",2014,1
"SSD",2015,1
"SSD",2016,1
"SSD",2017,1
"SSD",2018,1
"SSD",2019,1
"STP",2000,NA
"STP",2001,NA
"STP",2002,NA
"STP",2003,NA
"STP",2004,NA
"STP",2005,NA
"STP",2006,NA
"STP",2007,NA
"STP",2008,NA
"STP",2009,NA
"STP",2010,NA
"STP",2011,NA
"STP",2012,NA
"STP",2013,NA
"STP",2014,NA
"STP",2015,NA
"STP",2016,NA
"STP",2017,NA
"STP",2018,NA
"STP",2019,NA
"SUR",2000,NA
"SUR",2001,NA
"SUR",2002,NA
"SUR",2003,NA
"SUR",2004,NA
"SUR",2005,NA
"SUR",2006,NA
"SUR",2007,NA
"SUR",2008,NA
"SUR",2009,NA
"SUR",2010,NA
"SUR",2011,NA
"SUR",2012,NA
"SUR",2013,NA
"SUR",2014,NA
"SUR",2015,NA
"SUR",2016,NA
"SUR",2017,NA
"SUR",2018,NA
"SUR",2019,NA
"SVK",2000,NA
"SVK",2001,NA
"SVK",2002,NA
"SVK",2003,NA
"SVK",2004,NA
"SVK",2005,NA
"SVK",2006,NA
"SVK",2007,NA
"SVK",2008,NA
"SVK",2009,NA
"SVK",2010,NA
"SVK",2011,NA
"SVK",2012,NA
"SVK",2013,NA
"SVK",2014,NA
"SVK",2015,NA
"SVK",2016,NA
"SVK",2017,NA
"SVK",2018,NA
"SVK",2019,NA
"SVN",2000,NA
"SVN",2001,NA
"SVN",2002,NA
"SVN",2003,NA
"SVN",2004,NA
"SVN",2005,NA
"SVN",2006,NA
"SVN",2007,NA
"SVN",2008,NA
"SVN",2009,NA
"SVN",2010,NA
"SVN",2011,NA
"SVN",2012,NA
"SVN",2013,NA
"SVN",2014,NA
"SVN",2015,NA
"SVN",2016,NA
"SVN",2017,NA
"SVN",2018,NA
"SVN",2019,NA
"SWE",2000,NA
"SWE",2001,NA
"SWE",2002,NA
"SWE",2003,NA
"SWE",2004,NA
"SWE",2005,NA
"SWE",2006,NA
"SWE",2007,NA
"SWE",2008,NA
"SWE",2009,NA
"SWE",2010,NA
"SWE",2011,NA
"SWE",2012,NA
"SWE",2013,NA
"SWE",2014,NA
"SWE",2015,NA
"SWE",2016,NA
"SWE",2017,NA
"SWE",2018,0
"SWE",2019,NA
"SWZ",2000,NA
"SWZ",2001,NA
"SWZ",2002,NA
"SWZ",2003,NA
"SWZ",2004,NA
"SWZ",2005,NA
"SWZ",2006,NA
"SWZ",2007,NA
"SWZ",2008,NA
"SWZ",2009,NA
"SWZ",2010,NA
"SWZ",2011,NA
"SWZ",2012,NA
"SWZ",2013,NA
"SWZ",2014,NA
"SWZ",2015,NA
"SWZ",2016,NA
"SWZ",2017,NA
"SWZ",2018,NA
"SWZ",2019,NA
"SYC",2000,NA
"SYC",2001,NA
"SYC",2002,NA
"SYC",2003,NA
"SYC",2004,NA
"SYC",2005,NA
"SYC",2006,NA
"SYC",2007,NA
"SYC",2008,NA
"SYC",2009,NA
"SYC",2010,NA
"SYC",2011,NA
"SYC",2012,NA
"SYC",2013,NA
"SYC",2014,NA
"SYC",2015,NA
"SYC",2016,NA
"SYC",2017,NA
"SYC",2018,NA
"SYC",2019,NA
"SYR",2000,NA
"SYR",2001,NA
"SYR",2002,NA
"SYR",2003,NA
"SYR",2004,NA
"SYR",2005,0
"SYR",2006,NA
"SYR",2007,NA
"SYR",2008,NA
"SYR",2009,0
"SYR",2010,NA
"SYR",2011,NA
"SYR",2012,1
"SYR",2013,1
"SYR",2014,1
"SYR",2015,1
"SYR",2016,1
"SYR",2017,1
"SYR",2018,1
"SYR",2019,1
"TCD",2000,1
"TCD",2001,1
"TCD",2002,1
"TCD",2003,1
"TCD",2004,1
"TCD",2005,1
"TCD",2006,1
"TCD",2007,1
"TCD",2008,1
"TCD",2009,1
"TCD",2010,1
"TCD",2011,0
"TCD",2012,NA
"TCD",2013,NA
"TCD",2014,NA
"TCD",2015,0
"TCD",2016,1
"TCD",2017,1
"TCD",2018,1
"TCD",2019,1
"TGO",2000,NA
"TGO",2001,NA
"TGO",2002,NA
"TGO",2003,NA
"TGO",2004,NA
"TGO",2005,NA
"TGO",2006,1
"TGO",2007,NA
"TGO",2008,NA
"TGO",2009,NA
"TGO",2010,NA
"TGO",2011,NA
"TGO",2012,NA
"TGO",2013,NA
"TGO",2014,NA
"TGO",2015,NA
"TGO",2016,NA
"TGO",2017,NA
"TGO",2018,NA
"TGO",2019,NA
"THA",2000,0
"THA",2001,0
"THA",2002,1
"THA",2003,0
"THA",2004,1
"THA",2005,1
"THA",2006,1
"THA",2007,1
"THA",2008,1
"THA",2009,1
"THA",2010,1
"THA",2011,1
"THA",2012,1
"THA",2013,1
"THA",2014,1
"THA",2015,1
"THA",2016,1
"THA",2017,1
"THA",2018,1
"THA",2019,1
"TJK",2000,0
"TJK",2001,1
"TJK",2002,NA
"TJK",2003,NA
"TJK",2004,NA
"TJK",2005,NA
"TJK",2006,0
"TJK",2007,0
"TJK",2008,NA
"TJK",2009,NA
"TJK",2010,0
"TJK",2011,1
"TJK",2012,1
"TJK",2013,NA
"TJK",2014,0
"TJK",2015,0
"TJK",2016,NA
"TJK",2017,NA
"TJK",2018,NA
"TJK",2019,0
"TKM",2000,NA
"TKM",2001,NA
"TKM",2002,NA
"TKM",2003,NA
"TKM",2004,NA
"TKM",2005,NA
"TKM",2006,NA
"TKM",2007,NA
"TKM",2008,NA
"TKM",2009,NA
"TKM",2010,NA
"TKM",2011,NA
"TKM",2012,NA
"TKM",2013,NA
"TKM",2014,NA
"TKM",2015,NA
"TKM",2016,NA
"TKM",2017,NA
"TKM",2018,NA
"TKM",2019,NA
"TLS",2000,NA
"TLS",2001,NA
"TLS",2002,NA
"TLS",2003,NA
"TLS",2004,NA
"TLS",2005,NA
"TLS",2006,NA
"TLS",2007,NA
"TLS",2008,NA
"TLS",2009,NA
"TLS",2010,NA
"TLS",2011,NA
"TLS",2012,NA
"TLS",2013,NA
"TLS",2014,NA
"TLS",2015,NA
"TLS",2016,NA
"TLS",2017,NA
"TLS",2018,NA
"TLS",2019,NA
"TON",2000,NA
"TON",2001,NA
"TON",2002,NA
"TON",2003,NA
"TON",2004,NA
"TON",2005,NA
"TON",2006,NA
"TON",2007,NA
"TON",2008,NA
"TON",2009,NA
"TON",2010,NA
"TON",2011,NA
"TON",2012,NA
"TON",2013,NA
"TON",2014,NA
"TON",2015,NA
"TON",2016,NA
"TON",2017,NA
"TON",2018,NA
"TON",2019,NA
"TTO",2000,NA
"TTO",2001,NA
"TTO",2002,NA
"TTO",2003,NA
"TTO",2004,NA
"TTO",2005,NA
"TTO",2006,NA
"TTO",2007,NA
"TTO",2008,NA
"TTO",2009,NA
"TTO",2010,NA
"TTO",2011,NA
"TTO",2012,NA
"TTO",2013,NA
"TTO",2014,NA
"TTO",2015,NA
"TTO",2016,NA
"TTO",2017,NA
"TTO",2018,NA
"TTO",2019,NA
"TUN",2000,NA
"TUN",2001,NA
"TUN",2002,NA
"TUN",2003,0
"TUN",2004,NA
"TUN",2005,NA
"TUN",2006,NA
"TUN",2007,NA
"TUN",2008,NA
"TUN",2009,NA
"TUN",2010,NA
"TUN",2011,NA
"TUN",2012,0
"TUN",2013,0
"TUN",2014,1
"TUN",2015,1
"TUN",2016,1
"TUN",2017,1
"TUN",2018,0
"TUN",2019,1
"TUR",2000,1
"TUR",2001,1
"TUR",2002,1
"TUR",2003,1
"TUR",2004,1
"TUR",2005,1
"TUR",2006,1
"TUR",2007,1
"TUR",2008,1
"TUR",2009,1
"TUR",2010,1
"TUR",2011,1
"TUR",2012,1
"TUR",2013,1
"TUR",2014,0
"TUR",2015,0
"TUR",2016,1
"TUR",2017,1
"TUR",2018,1
"TUR",2019,1
"TZA",2000,0
"TZA",2001,NA
"TZA",2002,1
"TZA",2003,NA
"TZA",2004,NA
"TZA",2005,NA
"TZA",2006,NA
"TZA",2007,NA
"TZA",2008,0
"TZA",2009,NA
"TZA",2010,NA
"TZA",2011,NA
"TZA",2012,NA
"TZA",2013,NA
"TZA",2014,NA
"TZA",2015,NA
"TZA",2016,NA
"TZA",2017,NA
"TZA",2018,0
"TZA",2019,0
"UGA",2000,1
"UGA",2001,1
"UGA",2002,1
"UGA",2003,1
"UGA",2004,1
"UGA",2005,1
"UGA",2006,1
"UGA",2007,1
"UGA",2008,1
"UGA",2009,1
"UGA",2010,1
"UGA",2011,1
"UGA",2012,NA
"UGA",2013,NA
"UGA",2014,NA
"UGA",2015,0
"UGA",2016,NA
"UGA",2017,1
"UGA",2018,0
"UGA",2019,0
"UKR",2000,NA
"UKR",2001,NA
"UKR",2002,NA
"UKR",2003,NA
"UKR",2004,NA
"UKR",2005,NA
"UKR",2006,NA
"UKR",2007,NA
"UKR",2008,NA
"UKR",2009,NA
"UKR",2010,NA
"UKR",2011,NA
"UKR",2012,NA
"UKR",2013,NA
"UKR",2014,NA
"UKR",2015,1
"UKR",2016,1
"UKR",2017,1
"UKR",2018,1
"UKR",2019,1
"URY",2000,NA
"URY",2001,NA
"URY",2002,NA
"URY",2003,NA
"URY",2004,NA
"URY",2005,NA
"URY",2006,NA
"URY",2007,NA
"URY",2008,NA
"URY",2009,NA
"URY",2010,NA
"URY",2011,NA
"URY",2012,NA
"URY",2013,NA
"URY",2014,NA
"URY",2015,NA
"URY",2016,NA
"URY",2017,NA
"URY",2018,NA
"URY",2019,NA
"USA",2000,NA
"USA",2001,NA
"USA",2002,1
"USA",2003,NA
"USA",2004,NA
"USA",2005,NA
"USA",2006,NA
"USA",2007,NA
"USA",2008,NA
"USA",2009,NA
"USA",2010,NA
"USA",2011,0
"USA",2012,NA
"USA",2013,NA
"USA",2014,NA
"USA",2015,NA
"USA",2016,0
"USA",2017,NA
"USA",2018,0
"USA",2019,NA
"UZB",2000,1
"UZB",2001,1
"UZB",2002,NA
"UZB",2003,NA
"UZB",2004,NA
"UZB",2005,1
"UZB",2006,NA
"UZB",2007,NA
"UZB",2008,NA
"UZB",2009,NA
"UZB",2010,0
"UZB",2011,NA
"UZB",2012,NA
"UZB",2013,NA
"UZB",2014,NA
"UZB",2015,NA
"UZB",2016,NA
"UZB",2017,NA
"UZB",2018,NA
"UZB",2019,NA
"VCT",2000,NA
"VCT",2001,NA
"VCT",2002,NA
"VCT",2003,NA
"VCT",2004,NA
"VCT",2005,NA
"VCT",2006,NA
"VCT",2007,NA
"VCT",2008,NA
"VCT",2009,NA
"VCT",2010,NA
"VCT",2011,NA
"VCT",2012,NA
"VCT",2013,NA
"VCT",2014,NA
"VCT",2015,NA
"VCT",2016,NA
"VCT",2017,NA
"VCT",2018,NA
"VCT",2019,NA
"VEN",2000,1
"VEN",2001,1
"VEN",2002,1
"VEN",2003,1
"VEN",2004,1
"VEN",2005,1
"VEN",2006,1
"VEN",2007,0
"VEN",2008,0
"VEN",2009,1
"VEN",2010,1
"VEN",2011,0
"VEN",2012,0
"VEN",2013,1
"VEN",2014,0
"VEN",2015,1
"VEN",2016,1
"VEN",2017,1
"VEN",2018,1
"VEN",2019,1
"VNM",2000,NA
"VNM",2001,NA
"VNM",2002,NA
"VNM",2003,NA
"VNM",2004,NA
"VNM",2005,NA
"VNM",2006,NA
"VNM",2007,NA
"VNM",2008,NA
"VNM",2009,NA
"VNM",2010,NA
"VNM",2011,NA
"VNM",2012,NA
"VNM",2013,NA
"VNM",2014,NA
"VNM",2015,NA
"VNM",2016,NA
"VNM",2017,NA
"VNM",2018,NA
"VNM",2019,NA
"VUT",2000,NA
"VUT",2001,NA
"VUT",2002,NA
"VUT",2003,NA
"VUT",2004,NA
"VUT",2005,NA
"VUT",2006,NA
"VUT",2007,NA
"VUT",2008,NA
"VUT",2009,NA
"VUT",2010,NA
"VUT",2011,NA
"VUT",2012,NA
"VUT",2013,NA
"VUT",2014,NA
"VUT",2015,NA
"VUT",2016,NA
"VUT",2017,NA
"VUT",2018,NA
"VUT",2019,NA
"WSM",2000,NA
"WSM",2001,NA
"WSM",2002,NA
"WSM",2003,NA
"WSM",2004,NA
"WSM",2005,NA
"WSM",2006,NA
"WSM",2007,NA
"WSM",2008,NA
"WSM",2009,NA
"WSM",2010,NA
"WSM",2011,NA
"WSM",2012,NA
"WSM",2013,NA
"WSM",2014,NA
"WSM",2015,NA
"WSM",2016,NA
"WSM",2017,NA
"WSM",2018,NA
"WSM",2019,NA
"YEM",2000,NA
"YEM",2001,NA
"YEM",2002,NA
"YEM",2003,NA
"YEM",2004,0
"YEM",2005,1
"YEM",2006,NA
"YEM",2007,NA
"YEM",2008,NA
"YEM",2009,0
"YEM",2010,1
"YEM",2011,1
"YEM",2012,1
"YEM",2013,1
"YEM",2014,1
"YEM",2015,1
"YEM",2016,1
"YEM",2017,1
"YEM",2018,1
"YEM",2019,1
"ZAF",2000,0
"ZAF",2001,0
"ZAF",2002,NA
"ZAF",2003,0
"ZAF",2004,NA
"ZAF",2005,0
"ZAF",2006,NA
"ZAF",2007,NA
"ZAF",2008,NA
"ZAF",2009,NA
"ZAF",2010,NA
"ZAF",2011,0
"ZAF",2012,NA
"ZAF",2013,NA
"ZAF",2014,NA
"ZAF",2015,NA
"ZAF",2016,0
"ZAF",2017,0
"ZAF",2018,NA
"ZAF",2019,0
"ZMB",2000,NA
"ZMB",2001,0
"ZMB",2002,0
"ZMB",2003,NA
"ZMB",2004,NA
"ZMB",2005,NA
"ZMB",2006,NA
"ZMB",2007,NA
"ZMB",2008,NA
"ZMB",2009,NA
"ZMB",2010,NA
"ZMB",2011,NA
"ZMB",2012,NA
"ZMB",2013,NA
"ZMB",2014,NA
"ZMB",2015,NA
"ZMB",2016,NA
"ZMB",2017,NA
"ZMB",2018,NA
"ZMB",2019,NA
"ZWE",2000,0
"ZWE",2001,NA
"ZWE",2002,0
"ZWE",2003,NA
"ZWE",2004,0
"ZWE",2005,NA
"ZWE",2006,NA
"ZWE",2007,NA
"ZWE",2008,0
"ZWE",2009,1
"ZWE",2010,0
"ZWE",2011,NA
"ZWE",2012,0
"ZWE",2013,0
"ZWE",2014,NA
"ZWE",2015,NA
"ZWE",2016,NA
"ZWE",2017,NA
"ZWE",2018,NA
"ZWE",2019,0
